SNP,CHROM,POS,REF,ALT
Chr01_388802,Chr01,388802,A,G
Chr01_594888,Chr01,594888,T,C
Chr01_961481,Chr01,961481,G,C
Chr01_1226514,Chr01,1226514,C,G
Chr01_1341650,Chr01,1341650,T,G
Chr01_1471712,Chr01,1471712,C,T
Chr01_1579340,Chr01,1579340,G,T
Chr01_1753992,Chr01,1753992,A,G
Chr01_2928331,Chr01,2928331,T,G
Chr01_2963727,Chr01,2963727,A,G
Chr01_3256882,Chr01,3256882,T,C
Chr01_3400700,Chr01,3400700,C,G
Chr01_3569685,Chr01,3569685,G,A
Chr01_4466472,Chr01,4466472,A,T
Chr01_4823099,Chr01,4823099,T,A
Chr01_5071500,Chr01,5071500,G,C
Chr01_5932337,Chr01,5932337,G,A
Chr01_6151860,Chr01,6151860,T,C
Chr01_6353975,Chr01,6353975,A,C
Chr01_7043402,Chr01,7043402,C,T
Chr01_7236886,Chr01,7236886,G,C
Chr01_8088402,Chr01,8088402,T,C
Chr01_9614956,Chr01,9614956,G,C
Chr01_9779771,Chr01,9779771,A,G
Chr01_9790032,Chr01,9790032,T,C
Chr01_9945228,Chr01,9945228,T,A
Chr01_9977124,Chr01,9977124,C,G
Chr01_10011235,Chr01,10011235,G,T
Chr01_10700911,Chr01,10700911,C,G
Chr01_10778636,Chr01,10778636,A,G
Chr01_10941931,Chr01,10941931,C,T
Chr01_11150952,Chr01,11150952,A,G
Chr01_11240033,Chr01,11240033,A,G
Chr01_11506759,Chr01,11506759,C,T
Chr01_11996633,Chr01,11996633,C,T
Chr01_12226754,Chr01,12226754,A,C
Chr01_12265368,Chr01,12265368,C,T
Chr01_12584233,Chr01,12584233,T,G
Chr01_13095911,Chr01,13095911,C,T
Chr01_13360595,Chr01,13360595,T,C
Chr01_13404384,Chr01,13404384,T,C
Chr01_13986163,Chr01,13986163,G,A
Chr01_14911918,Chr01,14911918,C,T
Chr01_15122369,Chr01,15122369,C,T
Chr01_15383343,Chr01,15383343,A,G
Chr01_15596588,Chr01,15596588,C,T
Chr01_15944691,Chr01,15944691,G,A
Chr01_17574248,Chr01,17574248,T,C
Chr01_17881957,Chr01,17881957,A,G
Chr01_18993507,Chr01,18993507,G,C
Chr01_19216557,Chr01,19216557,A,G
Chr01_19971246,Chr01,19971246,T,C
Chr01_19980897,Chr01,19980897,G,A
Chr01_19988548,Chr01,19988548,G,T
Chr01_20187561,Chr01,20187561,T,C
Chr01_20234887,Chr01,20234887,C,T
Chr01_21315246,Chr01,21315246,C,T
Chr01_21569663,Chr01,21569663,A,G
Chr01_22541186,Chr01,22541186,G,A
Chr01_24802497,Chr01,24802497,A,G
Chr01_24904450,Chr01,24904450,G,A
Chr01_27143655,Chr01,27143655,C,T
Chr01_27383311,Chr01,27383311,G,A
Chr01_30644630,Chr01,30644630,T,C
Chr01_52842275,Chr01,52842275,C,T
Chr01_59331253,Chr01,59331253,C,G
Chr01_59400017,Chr01,59400017,C,T
Chr01_59401544,Chr01,59401544,G,C
Chr01_59565449,Chr01,59565449,C,A
Chr01_59625227,Chr01,59625227,C,T
Chr01_60168511,Chr01,60168511,A,C
Chr01_60362127,Chr01,60362127,G,A
Chr01_60735106,Chr01,60735106,T,A
Chr01_61553947,Chr01,61553947,G,C
Chr01_61999083,Chr01,61999083,A,T
Chr01_62030461,Chr01,62030461,G,C
Chr01_62061497,Chr01,62061497,C,G
Chr01_62973459,Chr01,62973459,C,T
Chr01_63564133,Chr01,63564133,A,G
Chr01_63597960,Chr01,63597960,T,G
Chr01_64090588,Chr01,64090588,C,T
Chr01_64191997,Chr01,64191997,A,C
Chr01_64304782,Chr01,64304782,A,T
Chr01_64487276,Chr01,64487276,A,G
Chr01_65061386,Chr01,65061386,A,G
Chr01_65363431,Chr01,65363431,A,G
Chr01_65499170,Chr01,65499170,C,T
Chr01_65779324,Chr01,65779324,T,C
Chr01_66210110,Chr01,66210110,A,G
Chr01_66618913,Chr01,66618913,A,C
Chr01_66863683,Chr01,66863683,C,A
Chr01_66922173,Chr01,66922173,A,C
Chr01_67450744,Chr01,67450744,C,T
Chr01_67839939,Chr01,67839939,C,T
Chr01_68253090,Chr01,68253090,C,T
Chr01_68490481,Chr01,68490481,C,T
Chr01_68515533,Chr01,68515533,C,T
Chr01_68515896,Chr01,68515896,A,G
Chr01_68516780,Chr01,68516780,C,A
Chr01_68564137,Chr01,68564137,A,C
Chr01_68662117,Chr01,68662117,G,A
Chr01_68689553,Chr01,68689553,T,C
Chr01_68904133,Chr01,68904133,T,A
Chr01_69100243,Chr01,69100243,A,G
Chr01_69799304,Chr01,69799304,A,G
Chr01_69882208,Chr01,69882208,A,G
Chr01_69897862,Chr01,69897862,G,A
Chr01_70137638,Chr01,70137638,G,A
Chr01_70137745,Chr01,70137745,A,G
Chr01_70648034,Chr01,70648034,A,T
Chr01_70773697,Chr01,70773697,G,A
Chr01_71035938,Chr01,71035938,C,T
Chr01_71323467,Chr01,71323467,T,A
Chr01_71720940,Chr01,71720940,G,A
Chr01_71797334,Chr01,71797334,G,C
Chr01_71861746,Chr01,71861746,G,A
Chr01_72326488,Chr01,72326488,T,C
Chr01_73381046,Chr01,73381046,C,A
Chr01_74360720,Chr01,74360720,C,G
Chr01_74362661,Chr01,74362661,G,T
Chr01_75328135,Chr01,75328135,G,A
Chr01_75454923,Chr01,75454923,A,G
Chr01_75543961,Chr01,75543961,G,A
Chr01_75647909,Chr01,75647909,T,C
Chr01_75887154,Chr01,75887154,A,G
Chr01_76208994,Chr01,76208994,A,G
Chr01_76210131,Chr01,76210131,G,A
Chr01_77130511,Chr01,77130511,G,C
Chr01_77663511,Chr01,77663511,A,T
Chr01_77746088,Chr01,77746088,G,A
Chr01_77815981,Chr01,77815981,G,A
Chr01_77816245,Chr01,77816245,C,T
Chr01_78033200,Chr01,78033200,A,G
Chr01_78102736,Chr01,78102736,T,C
Chr01_78650771,Chr01,78650771,T,G
Chr01_79596469,Chr01,79596469,C,T
Chr01_79696817,Chr01,79696817,C,G
Chr01_79736691,Chr01,79736691,G,T
Chr01_80331232,Chr01,80331232,C,T
Chr01_80486923,Chr01,80486923,T,C
Chr01_80778384,Chr01,80778384,C,T
Chr01_80915774,Chr01,80915774,G,C
Chr01_80939278,Chr01,80939278,G,A
Chr01_80949855,Chr01,80949855,A,T
Chr01_81244774,Chr01,81244774,T,G
Chr01_82564068,Chr01,82564068,T,C
Chr01_82661809,Chr01,82661809,T,C
Chr01_82922635,Chr01,82922635,G,A
Chr01_83185146,Chr01,83185146,T,C
Chr02_201554,Chr02,201554,A,G
Chr02_632731,Chr02,632731,T,C
Chr02_888185,Chr02,888185,C,G
Chr02_1165783,Chr02,1165783,C,G
Chr02_1692432,Chr02,1692432,G,A
Chr02_1701375,Chr02,1701375,C,A
Chr02_1960320,Chr02,1960320,G,C
Chr02_1961140,Chr02,1961140,C,T
Chr02_2030286,Chr02,2030286,C,G
Chr02_2330832,Chr02,2330832,C,G
Chr02_2801760,Chr02,2801760,G,A
Chr02_3077125,Chr02,3077125,G,A
Chr02_3451450,Chr02,3451450,G,C
Chr02_3775443,Chr02,3775443,T,C
Chr02_3828215,Chr02,3828215,T,C
Chr02_3951772,Chr02,3951772,C,G
Chr02_3951862,Chr02,3951862,A,C
Chr02_3986338,Chr02,3986338,A,C
Chr02_4144767,Chr02,4144767,A,C
Chr02_4188904,Chr02,4188904,A,G
Chr02_4654813,Chr02,4654813,C,T
Chr02_4719836,Chr02,4719836,T,G
Chr02_4927725,Chr02,4927725,G,A
Chr02_4927742,Chr02,4927742,C,A
Chr02_5769550,Chr02,5769550,A,G
Chr02_5863388,Chr02,5863388,C,T
Chr02_5944486,Chr02,5944486,G,T
Chr02_5944834,Chr02,5944834,C,G
Chr02_6118555,Chr02,6118555,A,G
Chr02_6493438,Chr02,6493438,T,C
Chr02_6494024,Chr02,6494024,T,A
Chr02_6665456,Chr02,6665456,C,A
Chr02_6819797,Chr02,6819797,A,C
Chr02_7948141,Chr02,7948141,G,A
Chr02_8885510,Chr02,8885510,C,T
Chr02_8976828,Chr02,8976828,G,T
Chr02_9398636,Chr02,9398636,T,C
Chr02_9503211,Chr02,9503211,T,C
Chr02_9508262,Chr02,9508262,G,T
Chr02_9679081,Chr02,9679081,A,C
Chr02_9704576,Chr02,9704576,C,T
Chr02_13560151,Chr02,13560151,A,T
Chr02_13986209,Chr02,13986209,C,T
Chr02_14444172,Chr02,14444172,G,A
Chr02_16476299,Chr02,16476299,T,C
Chr02_16790879,Chr02,16790879,G,A
Chr02_16863776,Chr02,16863776,G,A
Chr02_17185135,Chr02,17185135,C,T
Chr02_18178125,Chr02,18178125,C,A
Chr02_18690186,Chr02,18690186,G,A
Chr02_18769717,Chr02,18769717,C,G
Chr02_20033747,Chr02,20033747,C,G
Chr02_51058277,Chr02,51058277,G,C
Chr02_51058466,Chr02,51058466,A,T
Chr02_51064526,Chr02,51064526,G,A
Chr02_56258972,Chr02,56258972,G,C
Chr02_56611725,Chr02,56611725,G,C
Chr02_57435012,Chr02,57435012,C,T
Chr02_58237102,Chr02,58237102,C,G
Chr02_59259690,Chr02,59259690,A,G
Chr02_60457799,Chr02,60457799,T,C
Chr02_60467838,Chr02,60467838,A,G
Chr02_61193109,Chr02,61193109,T,C
Chr02_61199183,Chr02,61199183,T,G
Chr02_61422497,Chr02,61422497,G,A
Chr02_62438646,Chr02,62438646,T,C
Chr02_62731057,Chr02,62731057,A,C
Chr02_64760765,Chr02,64760765,A,G
Chr02_64844231,Chr02,64844231,A,G
Chr02_64988364,Chr02,64988364,T,C
Chr02_65362661,Chr02,65362661,C,T
Chr02_65442667,Chr02,65442667,G,C
Chr02_65514180,Chr02,65514180,G,C
Chr02_66137856,Chr02,66137856,G,A
Chr02_66693864,Chr02,66693864,C,T
Chr02_66941145,Chr02,66941145,C,G
Chr02_67085104,Chr02,67085104,C,T
Chr02_67093301,Chr02,67093301,G,T
Chr02_67093309,Chr02,67093309,C,T
Chr02_67100225,Chr02,67100225,G,T
Chr02_67913181,Chr02,67913181,A,G
Chr02_67991358,Chr02,67991358,C,T
Chr02_68346693,Chr02,68346693,T,C
Chr02_68350680,Chr02,68350680,G,A
Chr02_68556555,Chr02,68556555,A,T
Chr02_68651713,Chr02,68651713,G,A
Chr02_68760702,Chr02,68760702,C,A
Chr02_68904441,Chr02,68904441,C,G
Chr02_69115341,Chr02,69115341,C,T
Chr02_69545728,Chr02,69545728,C,T
Chr02_69546728,Chr02,69546728,C,G
Chr02_69820700,Chr02,69820700,C,T
Chr02_69906866,Chr02,69906866,G,A
Chr02_70427708,Chr02,70427708,G,A
Chr02_70803732,Chr02,70803732,T,C
Chr02_70814401,Chr02,70814401,C,A
Chr02_70916706,Chr02,70916706,T,C
Chr02_71007290,Chr02,71007290,A,G
Chr02_71126160,Chr02,71126160,C,A
Chr02_71166052,Chr02,71166052,C,T
Chr02_71264354,Chr02,71264354,G,C
Chr02_71350722,Chr02,71350722,G,T
Chr02_71352033,Chr02,71352033,C,A
Chr02_71631783,Chr02,71631783,T,G
Chr02_71744103,Chr02,71744103,A,G
Chr02_72418682,Chr02,72418682,T,C
Chr02_73840374,Chr02,73840374,T,G
Chr02_74616390,Chr02,74616390,T,C
Chr02_75479356,Chr02,75479356,C,T
Chr02_75514492,Chr02,75514492,C,T
Chr02_75963814,Chr02,75963814,A,C
Chr02_76123942,Chr02,76123942,T,G
Chr02_76169104,Chr02,76169104,G,C
Chr02_76354262,Chr02,76354262,G,A
Chr02_76713723,Chr02,76713723,A,C
Chr02_76716837,Chr02,76716837,T,C
Chr02_76990989,Chr02,76990989,C,T
Chr02_77004141,Chr02,77004141,C,G
Chr02_77865184,Chr02,77865184,T,G
Chr02_78058313,Chr02,78058313,T,A
Chr02_78068025,Chr02,78068025,C,T
Chr03_249512,Chr03,249512,A,G
Chr03_734746,Chr03,734746,G,T
Chr03_1129431,Chr03,1129431,T,C
Chr03_1902568,Chr03,1902568,G,C
Chr03_2597391,Chr03,2597391,G,T
Chr03_3712137,Chr03,3712137,T,C
Chr03_3716679,Chr03,3716679,C,T
Chr03_3735437,Chr03,3735437,G,C
Chr03_3758492,Chr03,3758492,G,C
Chr03_4135720,Chr03,4135720,A,G
Chr03_4527079,Chr03,4527079,G,A
Chr03_4565267,Chr03,4565267,T,A
Chr03_4616181,Chr03,4616181,T,G
Chr03_4744802,Chr03,4744802,T,G
Chr03_4764931,Chr03,4764931,C,T
Chr03_4821220,Chr03,4821220,C,T
Chr03_5217834,Chr03,5217834,T,C
Chr03_5388103,Chr03,5388103,T,C
Chr03_6096071,Chr03,6096071,G,T
Chr03_6440473,Chr03,6440473,C,T
Chr03_6702421,Chr03,6702421,A,T
Chr03_6940947,Chr03,6940947,G,T
Chr03_6942825,Chr03,6942825,C,T
Chr03_6951017,Chr03,6951017,A,C
Chr03_6967034,Chr03,6967034,C,G
Chr03_6981447,Chr03,6981447,C,T
Chr03_7589091,Chr03,7589091,C,T
Chr03_8623648,Chr03,8623648,T,C
Chr03_8625267,Chr03,8625267,T,C
Chr03_8953934,Chr03,8953934,T,C
Chr03_9972204,Chr03,9972204,A,G
Chr03_10489522,Chr03,10489522,T,G
Chr03_11327886,Chr03,11327886,G,A
Chr03_11461679,Chr03,11461679,T,G
Chr03_11465014,Chr03,11465014,T,A
Chr03_11659770,Chr03,11659770,G,A
Chr03_11760268,Chr03,11760268,C,T
Chr03_11774455,Chr03,11774455,C,T
Chr03_12283338,Chr03,12283338,G,T
Chr03_12301133,Chr03,12301133,A,G
Chr03_12375184,Chr03,12375184,C,T
Chr03_12925065,Chr03,12925065,T,C
Chr03_13155402,Chr03,13155402,T,C
Chr03_13565162,Chr03,13565162,G,C
Chr03_13568851,Chr03,13568851,C,A
Chr03_13791571,Chr03,13791571,G,A
Chr03_14274990,Chr03,14274990,C,T
Chr03_15829741,Chr03,15829741,G,T
Chr03_16311575,Chr03,16311575,A,G
Chr03_28939964,Chr03,28939964,A,C
Chr03_51010060,Chr03,51010060,G,A
Chr03_56680682,Chr03,56680682,C,T
Chr03_56684039,Chr03,56684039,C,A
Chr03_56961694,Chr03,56961694,G,A
Chr03_56999476,Chr03,56999476,C,T
Chr03_57282743,Chr03,57282743,G,A
Chr03_57526270,Chr03,57526270,C,A
Chr03_57568413,Chr03,57568413,C,T
Chr03_57571617,Chr03,57571617,G,C
Chr03_58454990,Chr03,58454990,T,A
Chr03_58740423,Chr03,58740423,C,A
Chr03_59332226,Chr03,59332226,G,A
Chr03_59558676,Chr03,59558676,T,A
Chr03_59863649,Chr03,59863649,C,T
Chr03_60435181,Chr03,60435181,C,T
Chr03_60441454,Chr03,60441454,G,C
Chr03_60523681,Chr03,60523681,T,G
Chr03_61124950,Chr03,61124950,A,C
Chr03_62216074,Chr03,62216074,C,T
Chr03_62226825,Chr03,62226825,C,T
Chr03_62316202,Chr03,62316202,T,G
Chr03_62629059,Chr03,62629059,A,T
Chr03_62739901,Chr03,62739901,C,T
Chr03_62857011,Chr03,62857011,A,G
Chr03_63365400,Chr03,63365400,C,T
Chr03_63538485,Chr03,63538485,T,C
Chr03_63637316,Chr03,63637316,G,T
Chr03_63675376,Chr03,63675376,A,T
Chr03_64449974,Chr03,64449974,T,A
Chr03_64531795,Chr03,64531795,C,A
Chr03_64812478,Chr03,64812478,T,A
Chr03_64991614,Chr03,64991614,T,C
Chr03_65188766,Chr03,65188766,T,C
Chr03_65256693,Chr03,65256693,G,A
Chr03_65608535,Chr03,65608535,A,G
Chr03_65712658,Chr03,65712658,G,A
Chr03_65984147,Chr03,65984147,C,G
Chr03_66122675,Chr03,66122675,C,G
Chr03_66221149,Chr03,66221149,G,A
Chr03_66395294,Chr03,66395294,G,A
Chr03_66436476,Chr03,66436476,T,G
Chr03_66513048,Chr03,66513048,C,T
Chr03_66582450,Chr03,66582450,A,G
Chr03_66599412,Chr03,66599412,A,C
Chr03_66688820,Chr03,66688820,G,A
Chr03_67230801,Chr03,67230801,C,G
Chr03_67299545,Chr03,67299545,A,C
Chr03_67567851,Chr03,67567851,T,G
Chr03_67872578,Chr03,67872578,C,A
Chr03_67935158,Chr03,67935158,C,T
Chr03_68174465,Chr03,68174465,G,T
Chr03_68447342,Chr03,68447342,G,A
Chr03_68482861,Chr03,68482861,C,T
Chr03_68489583,Chr03,68489583,T,G
Chr03_68740877,Chr03,68740877,A,G
Chr03_69451941,Chr03,69451941,C,G
Chr03_69768329,Chr03,69768329,C,G
Chr03_69915430,Chr03,69915430,A,G
Chr03_69919181,Chr03,69919181,C,T
Chr03_70505643,Chr03,70505643,C,T
Chr03_70619894,Chr03,70619894,C,G
Chr03_70725822,Chr03,70725822,T,G
Chr03_70841076,Chr03,70841076,T,G
Chr03_71296668,Chr03,71296668,G,A
Chr03_71673285,Chr03,71673285,T,A
Chr03_71746468,Chr03,71746468,T,C
Chr03_72017674,Chr03,72017674,T,A
Chr03_72156944,Chr03,72156944,A,G
Chr03_72373532,Chr03,72373532,C,T
Chr03_72379733,Chr03,72379733,T,C
Chr03_72771472,Chr03,72771472,G,C
Chr03_72883072,Chr03,72883072,C,G
Chr03_72885171,Chr03,72885171,G,T
Chr03_74558735,Chr03,74558735,C,G
Chr03_74838808,Chr03,74838808,C,G
Chr03_75753372,Chr03,75753372,A,G
Chr03_76180560,Chr03,76180560,A,G
Chr03_76467642,Chr03,76467642,G,A
Chr03_76639051,Chr03,76639051,T,C
Chr03_76855057,Chr03,76855057,T,A
Chr03_76986916,Chr03,76986916,C,G
Chr03_77107107,Chr03,77107107,C,G
Chr03_77356251,Chr03,77356251,T,C
Chr03_77574299,Chr03,77574299,T,C
Chr03_77828203,Chr03,77828203,C,G
Chr03_77833671,Chr03,77833671,G,A
Chr03_77835846,Chr03,77835846,A,G
Chr03_77857647,Chr03,77857647,C,T
Chr03_77974320,Chr03,77974320,A,G
Chr03_78018411,Chr03,78018411,G,A
Chr03_78026664,Chr03,78026664,A,G
Chr03_78026670,Chr03,78026670,A,G
Chr03_78085734,Chr03,78085734,C,G
Chr03_78105690,Chr03,78105690,T,C
Chr03_78123022,Chr03,78123022,A,G
Chr03_78594156,Chr03,78594156,A,T
Chr03_78606228,Chr03,78606228,C,G
Chr03_78644452,Chr03,78644452,G,A
Chr03_78655513,Chr03,78655513,T,C
Chr03_78839556,Chr03,78839556,A,T
Chr03_79153345,Chr03,79153345,C,T
Chr03_79504584,Chr03,79504584,A,T
Chr03_79654053,Chr03,79654053,T,G
Chr03_79694002,Chr03,79694002,A,C
Chr03_80018382,Chr03,80018382,C,T
Chr03_80264593,Chr03,80264593,T,C
Chr03_80472052,Chr03,80472052,G,C
Chr03_80495119,Chr03,80495119,A,G
Chr04_164407,Chr04,164407,G,A
Chr04_619222,Chr04,619222,A,G
Chr04_740228,Chr04,740228,C,T
Chr04_828433,Chr04,828433,A,T
Chr04_1329018,Chr04,1329018,G,A
Chr04_1357537,Chr04,1357537,T,A
Chr04_1368676,Chr04,1368676,G,T
Chr04_1564834,Chr04,1564834,A,G
Chr04_1946526,Chr04,1946526,A,C
Chr04_1973560,Chr04,1973560,A,T
Chr04_2057190,Chr04,2057190,C,T
Chr04_2057890,Chr04,2057890,C,T
Chr04_2058805,Chr04,2058805,A,G
Chr04_2138455,Chr04,2138455,G,A
Chr04_2211693,Chr04,2211693,A,T
Chr04_2229136,Chr04,2229136,G,A
Chr04_2308894,Chr04,2308894,G,A
Chr04_2329920,Chr04,2329920,C,T
Chr04_2659596,Chr04,2659596,A,T
Chr04_3677342,Chr04,3677342,C,T
Chr04_3860666,Chr04,3860666,A,G
Chr04_4005071,Chr04,4005071,G,A
Chr04_4489892,Chr04,4489892,G,A
Chr04_4766457,Chr04,4766457,G,T
Chr04_5158540,Chr04,5158540,A,G
Chr04_5302463,Chr04,5302463,G,A
Chr04_5570199,Chr04,5570199,G,T
Chr04_5988268,Chr04,5988268,C,T
Chr04_6489280,Chr04,6489280,G,T
Chr04_6495442,Chr04,6495442,G,A
Chr04_6553688,Chr04,6553688,G,C
Chr04_6650146,Chr04,6650146,C,A
Chr04_6977224,Chr04,6977224,G,A
Chr04_7616334,Chr04,7616334,T,C
Chr04_7946899,Chr04,7946899,A,G
Chr04_8668795,Chr04,8668795,G,C
Chr04_8729202,Chr04,8729202,G,A
Chr04_9459186,Chr04,9459186,C,T
Chr04_9907466,Chr04,9907466,G,A
Chr04_10093925,Chr04,10093925,T,C
Chr04_10397490,Chr04,10397490,G,A
Chr04_11160595,Chr04,11160595,G,A
Chr04_12313722,Chr04,12313722,G,A
Chr04_12334040,Chr04,12334040,G,A
Chr04_12497132,Chr04,12497132,G,A
Chr04_13543993,Chr04,13543993,C,T
Chr04_13932984,Chr04,13932984,A,T
Chr04_14478496,Chr04,14478496,T,G
Chr04_16624548,Chr04,16624548,G,A
Chr04_41697001,Chr04,41697001,T,G
Chr04_44917978,Chr04,44917978,C,G
Chr04_51072095,Chr04,51072095,C,T
Chr04_51073116,Chr04,51073116,A,G
Chr04_51166741,Chr04,51166741,C,T
Chr04_51947026,Chr04,51947026,C,T
Chr04_51976985,Chr04,51976985,G,T
Chr04_53563810,Chr04,53563810,C,T
Chr04_53741002,Chr04,53741002,A,G
Chr04_54191887,Chr04,54191887,T,A
Chr04_54213239,Chr04,54213239,C,T
Chr04_54700895,Chr04,54700895,A,T
Chr04_55314877,Chr04,55314877,T,G
Chr04_56175396,Chr04,56175396,A,G
Chr04_56362981,Chr04,56362981,C,G
Chr04_56481952,Chr04,56481952,T,C
Chr04_56511812,Chr04,56511812,C,G
Chr04_57437716,Chr04,57437716,A,G
Chr04_57479354,Chr04,57479354,G,T
Chr04_57531020,Chr04,57531020,G,A
Chr04_57836935,Chr04,57836935,C,A
Chr04_57971112,Chr04,57971112,C,A
Chr04_58015686,Chr04,58015686,C,T
Chr04_58124905,Chr04,58124905,A,G
Chr04_58135667,Chr04,58135667,A,G
Chr04_58265422,Chr04,58265422,C,G
Chr04_58292811,Chr04,58292811,T,G
Chr04_58560604,Chr04,58560604,C,T
Chr04_59067685,Chr04,59067685,T,C
Chr04_59213755,Chr04,59213755,T,G
Chr04_59833837,Chr04,59833837,A,G
Chr04_59909702,Chr04,59909702,A,G
Chr04_59911448,Chr04,59911448,T,C
Chr04_60065579,Chr04,60065579,T,C
Chr04_60601810,Chr04,60601810,A,G
Chr04_60687474,Chr04,60687474,T,C
Chr04_61030632,Chr04,61030632,G,C
Chr04_61999101,Chr04,61999101,C,T
Chr04_62633123,Chr04,62633123,G,C
Chr04_62948455,Chr04,62948455,C,T
Chr04_63359691,Chr04,63359691,G,A
Chr04_63800927,Chr04,63800927,C,A
Chr04_64128356,Chr04,64128356,C,A
Chr04_64232261,Chr04,64232261,A,G
Chr04_64352240,Chr04,64352240,A,G
Chr04_64394197,Chr04,64394197,T,G
Chr04_64520418,Chr04,64520418,G,T
Chr04_64943681,Chr04,64943681,T,C
Chr04_65518495,Chr04,65518495,A,G
Chr04_65568302,Chr04,65568302,C,A
Chr04_66595085,Chr04,66595085,A,G
Chr04_66993402,Chr04,66993402,C,G
Chr04_67109542,Chr04,67109542,A,G
Chr04_67205207,Chr04,67205207,C,A
Chr04_67288065,Chr04,67288065,C,A
Chr04_67707135,Chr04,67707135,T,G
Chr04_68024477,Chr04,68024477,G,A
Chr04_68409849,Chr04,68409849,G,A
Chr04_68771676,Chr04,68771676,G,A
Chr04_68779490,Chr04,68779490,A,T
Chr04_68812134,Chr04,68812134,G,A
Chr04_69013427,Chr04,69013427,A,G
Chr04_69142538,Chr04,69142538,A,G
Chr04_69857840,Chr04,69857840,A,T
Chr04_70087581,Chr04,70087581,C,T
Chr04_70204260,Chr04,70204260,C,A
Chr04_70791840,Chr04,70791840,G,A
Chr05_677222,Chr05,677222,A,T
Chr05_1155913,Chr05,1155913,G,T
Chr05_1536776,Chr05,1536776,C,T
Chr05_1791545,Chr05,1791545,C,T
Chr05_1874892,Chr05,1874892,T,C
Chr05_2291052,Chr05,2291052,G,A
Chr05_2528973,Chr05,2528973,T,C
Chr05_2562659,Chr05,2562659,A,G
Chr05_3339827,Chr05,3339827,C,T
Chr05_3599351,Chr05,3599351,A,G
Chr05_4250935,Chr05,4250935,G,A
Chr05_4337739,Chr05,4337739,T,C
Chr05_5554047,Chr05,5554047,T,C
Chr05_5802224,Chr05,5802224,T,C
Chr05_7417771,Chr05,7417771,T,C
Chr05_8747621,Chr05,8747621,G,T
Chr05_8750423,Chr05,8750423,G,A
Chr05_8843587,Chr05,8843587,C,T
Chr05_8848371,Chr05,8848371,A,T
Chr05_9338131,Chr05,9338131,T,C
Chr05_10648993,Chr05,10648993,A,G
Chr05_11541578,Chr05,11541578,C,T
Chr05_11687581,Chr05,11687581,G,A
Chr05_18276151,Chr05,18276151,G,C
Chr05_19002432,Chr05,19002432,C,A
Chr05_20335147,Chr05,20335147,G,T
Chr05_49080777,Chr05,49080777,C,T
Chr05_54626249,Chr05,54626249,G,A
Chr05_56000478,Chr05,56000478,C,T
Chr05_63024850,Chr05,63024850,C,T
Chr05_64461802,Chr05,64461802,T,C
Chr05_66830636,Chr05,66830636,C,A
Chr05_69496912,Chr05,69496912,C,T
Chr05_69712735,Chr05,69712735,T,C
Chr05_69712800,Chr05,69712800,A,G
Chr05_69790832,Chr05,69790832,A,C
Chr05_69793558,Chr05,69793558,T,C
Chr05_69826687,Chr05,69826687,A,G
Chr05_70106644,Chr05,70106644,G,C
Chr05_70262980,Chr05,70262980,T,C
Chr05_70779932,Chr05,70779932,G,A
Chr05_70816613,Chr05,70816613,G,T
Chr05_70825875,Chr05,70825875,A,T
Chr05_71451648,Chr05,71451648,C,T
Chr05_72239299,Chr05,72239299,A,G
Chr05_72384772,Chr05,72384772,A,G
Chr05_72692291,Chr05,72692291,C,T
Chr05_72813830,Chr05,72813830,G,C
Chr05_72942892,Chr05,72942892,C,T
Chr05_74554710,Chr05,74554710,G,A
Chr05_74711454,Chr05,74711454,T,C
Chr05_74735622,Chr05,74735622,T,C
Chr05_74819444,Chr05,74819444,G,A
Chr05_76082919,Chr05,76082919,G,T
Chr05_76793269,Chr05,76793269,G,C
Chr05_76828922,Chr05,76828922,G,A
Chr06_397308,Chr06,397308,T,C
Chr06_1629003,Chr06,1629003,G,A
Chr06_1696121,Chr06,1696121,C,G
Chr06_1978670,Chr06,1978670,C,G
Chr06_2024886,Chr06,2024886,G,A
Chr06_2025164,Chr06,2025164,G,A
Chr06_2788111,Chr06,2788111,C,T
Chr06_2789995,Chr06,2789995,A,G
Chr06_3385791,Chr06,3385791,C,G
Chr06_3388974,Chr06,3388974,A,T
Chr06_6398370,Chr06,6398370,A,G
Chr06_6470256,Chr06,6470256,G,T
Chr06_6616342,Chr06,6616342,A,G
Chr06_10885284,Chr06,10885284,G,A
Chr06_32987156,Chr06,32987156,G,T
Chr06_35780403,Chr06,35780403,A,C
Chr06_36370178,Chr06,36370178,G,A
Chr06_39531282,Chr06,39531282,G,A
Chr06_40747653,Chr06,40747653,G,A
Chr06_40747933,Chr06,40747933,T,C
Chr06_40748713,Chr06,40748713,T,C
Chr06_43374059,Chr06,43374059,G,A
Chr06_44050395,Chr06,44050395,C,A
Chr06_44163616,Chr06,44163616,C,T
Chr06_45757947,Chr06,45757947,T,C
Chr06_45758264,Chr06,45758264,G,A
Chr06_45939941,Chr06,45939941,A,G
Chr06_47462362,Chr06,47462362,A,T
Chr06_47759920,Chr06,47759920,A,C
Chr06_47842732,Chr06,47842732,A,G
Chr06_48087448,Chr06,48087448,C,T
Chr06_48648852,Chr06,48648852,T,G
Chr06_49028508,Chr06,49028508,T,G
Chr06_49259237,Chr06,49259237,C,A
Chr06_49786535,Chr06,49786535,T,G
Chr06_50060288,Chr06,50060288,G,C
Chr06_50983795,Chr06,50983795,G,A
Chr06_51122548,Chr06,51122548,G,A
Chr06_51206425,Chr06,51206425,A,T
Chr06_51711986,Chr06,51711986,T,A
Chr06_51735370,Chr06,51735370,A,C
Chr06_51839850,Chr06,51839850,C,T
Chr06_52335883,Chr06,52335883,G,A
Chr06_52542957,Chr06,52542957,T,C
Chr06_52549940,Chr06,52549940,C,T
Chr06_52601282,Chr06,52601282,T,C
Chr06_52718708,Chr06,52718708,C,T
Chr06_52858080,Chr06,52858080,T,C
Chr06_52901252,Chr06,52901252,G,T
Chr06_53077371,Chr06,53077371,T,C
Chr06_53077538,Chr06,53077538,G,T
Chr06_53309404,Chr06,53309404,G,C
Chr06_53309451,Chr06,53309451,C,A
Chr06_53343153,Chr06,53343153,T,C
Chr06_54004494,Chr06,54004494,T,C
Chr06_54596171,Chr06,54596171,T,C
Chr06_54851960,Chr06,54851960,T,A
Chr06_54869955,Chr06,54869955,T,A
Chr06_55004957,Chr06,55004957,G,A
Chr06_55106168,Chr06,55106168,C,T
Chr06_55484926,Chr06,55484926,G,A
Chr06_55501770,Chr06,55501770,T,A
Chr06_56155885,Chr06,56155885,C,A
Chr06_56290039,Chr06,56290039,A,G
Chr06_56679575,Chr06,56679575,C,G
Chr06_57119280,Chr06,57119280,G,T
Chr06_57565110,Chr06,57565110,G,A
Chr06_57580080,Chr06,57580080,C,T
Chr06_57772874,Chr06,57772874,C,G
Chr06_57809732,Chr06,57809732,C,T
Chr06_57973283,Chr06,57973283,T,G
Chr06_58017758,Chr06,58017758,A,G
Chr06_58051939,Chr06,58051939,A,G
Chr06_58228598,Chr06,58228598,T,C
Chr06_58537243,Chr06,58537243,T,A
Chr06_58572334,Chr06,58572334,A,G
Chr06_58573040,Chr06,58573040,G,A
Chr06_58660410,Chr06,58660410,G,T
Chr06_59053386,Chr06,59053386,A,C
Chr06_59687923,Chr06,59687923,G,A
Chr06_59760760,Chr06,59760760,A,G
Chr06_60385163,Chr06,60385163,G,A
Chr06_60427000,Chr06,60427000,G,A
Chr06_60635769,Chr06,60635769,C,G
Chr06_60709166,Chr06,60709166,T,C
Chr06_60710328,Chr06,60710328,C,T
Chr06_60760034,Chr06,60760034,G,A
Chr06_60770024,Chr06,60770024,G,C
Chr06_60886038,Chr06,60886038,T,C
Chr06_61658284,Chr06,61658284,A,C
Chr06_62676991,Chr06,62676991,T,C
Chr07_317045,Chr07,317045,A,G
Chr07_467095,Chr07,467095,G,T
Chr07_596556,Chr07,596556,G,C
Chr07_894534,Chr07,894534,C,T
Chr07_899816,Chr07,899816,G,A
Chr07_960754,Chr07,960754,G,A
Chr07_1029626,Chr07,1029626,C,T
Chr07_1913030,Chr07,1913030,C,A
Chr07_2064009,Chr07,2064009,A,G
Chr07_2069781,Chr07,2069781,C,G
Chr07_2107163,Chr07,2107163,G,A
Chr07_2375407,Chr07,2375407,A,C
Chr07_2409439,Chr07,2409439,G,C
Chr07_2442966,Chr07,2442966,G,C
Chr07_2496411,Chr07,2496411,T,G
Chr07_2827249,Chr07,2827249,T,A
Chr07_3016009,Chr07,3016009,G,A
Chr07_4050551,Chr07,4050551,C,T
Chr07_4329555,Chr07,4329555,T,A
Chr07_4525738,Chr07,4525738,T,C
Chr07_4580448,Chr07,4580448,G,C
Chr07_4663626,Chr07,4663626,C,T
Chr07_5393343,Chr07,5393343,G,T
Chr07_5424377,Chr07,5424377,A,T
Chr07_5456002,Chr07,5456002,C,G
Chr07_5566818,Chr07,5566818,C,T
Chr07_6948735,Chr07,6948735,G,A
Chr07_6953773,Chr07,6953773,T,C
Chr07_6955565,Chr07,6955565,T,C
Chr07_7529077,Chr07,7529077,A,G
Chr07_7533882,Chr07,7533882,T,C
Chr07_7549165,Chr07,7549165,C,G
Chr07_7816289,Chr07,7816289,G,C
Chr07_8691863,Chr07,8691863,C,T
Chr07_8852927,Chr07,8852927,C,G
Chr07_9228111,Chr07,9228111,G,T
Chr07_9711147,Chr07,9711147,T,G
Chr07_12848438,Chr07,12848438,T,G
Chr07_16087327,Chr07,16087327,A,G
Chr07_16322331,Chr07,16322331,C,A
Chr07_22173723,Chr07,22173723,G,C
Chr07_47359409,Chr07,47359409,T,C
Chr07_50000862,Chr07,50000862,A,T
Chr07_58021983,Chr07,58021983,A,T
Chr07_58111067,Chr07,58111067,T,C
Chr07_58533010,Chr07,58533010,C,A
Chr07_58852055,Chr07,58852055,G,A
Chr07_59319067,Chr07,59319067,C,A
Chr07_60311473,Chr07,60311473,C,A
Chr07_60478010,Chr07,60478010,G,A
Chr07_60504431,Chr07,60504431,A,G
Chr07_61047933,Chr07,61047933,G,T
Chr07_61789266,Chr07,61789266,A,G
Chr07_62049671,Chr07,62049671,G,T
Chr07_62620054,Chr07,62620054,A,G
Chr07_63105979,Chr07,63105979,T,A
Chr07_63464311,Chr07,63464311,G,T
Chr07_64483410,Chr07,64483410,G,C
Chr07_65574871,Chr07,65574871,A,G
Chr07_65829966,Chr07,65829966,A,G
Chr07_65959942,Chr07,65959942,T,A
Chr07_66026994,Chr07,66026994,C,T
Chr07_66254622,Chr07,66254622,A,C
Chr07_66303795,Chr07,66303795,A,C
Chr07_66303820,Chr07,66303820,C,A
Chr07_66498282,Chr07,66498282,T,G
Chr07_66610981,Chr07,66610981,T,C
Chr07_66927997,Chr07,66927997,T,C
Chr07_67137247,Chr07,67137247,C,T
Chr07_67352953,Chr07,67352953,G,T
Chr07_67376554,Chr07,67376554,G,A
Chr07_67377890,Chr07,67377890,G,A
Chr07_67670106,Chr07,67670106,G,A
Chr07_67856943,Chr07,67856943,C,T
Chr07_67878034,Chr07,67878034,C,T
Chr07_68235787,Chr07,68235787,C,G
Chr07_68236068,Chr07,68236068,G,C
Chr08_478325,Chr08,478325,C,T
Chr08_571156,Chr08,571156,C,G
Chr08_643576,Chr08,643576,A,G
Chr08_651099,Chr08,651099,T,C
Chr08_975094,Chr08,975094,C,A
Chr08_2034856,Chr08,2034856,A,T
Chr08_2293670,Chr08,2293670,T,G
Chr08_2445422,Chr08,2445422,G,T
Chr08_2445754,Chr08,2445754,A,G
Chr08_2693160,Chr08,2693160,G,C
Chr08_3458134,Chr08,3458134,A,G
Chr08_3906206,Chr08,3906206,A,G
Chr08_3907579,Chr08,3907579,C,A
Chr08_4374102,Chr08,4374102,G,T
Chr08_4486389,Chr08,4486389,C,T
Chr08_5127415,Chr08,5127415,C,A
Chr08_5365452,Chr08,5365452,A,T
Chr08_5365666,Chr08,5365666,C,G
Chr08_5375748,Chr08,5375748,C,T
Chr08_5686939,Chr08,5686939,A,G
Chr08_5747112,Chr08,5747112,C,T
Chr08_6596174,Chr08,6596174,C,T
Chr08_6609162,Chr08,6609162,C,T
Chr08_16605726,Chr08,16605726,C,A
Chr08_35166466,Chr08,35166466,G,A
Chr08_48825034,Chr08,48825034,T,C
Chr08_51485558,Chr08,51485558,C,G
Chr08_52783723,Chr08,52783723,C,A
Chr08_53667776,Chr08,53667776,G,A
Chr08_54385068,Chr08,54385068,C,A
Chr08_54756131,Chr08,54756131,T,A
Chr08_55220511,Chr08,55220511,A,G
Chr08_57807182,Chr08,57807182,T,A
Chr08_57894326,Chr08,57894326,G,C
Chr08_58584562,Chr08,58584562,G,A
Chr08_58613799,Chr08,58613799,A,C
Chr08_59554259,Chr08,59554259,A,G
Chr08_61295774,Chr08,61295774,T,A
Chr08_61550438,Chr08,61550438,G,A
Chr08_61570054,Chr08,61570054,A,G
Chr08_62111194,Chr08,62111194,C,T
Chr08_62480070,Chr08,62480070,C,A
Chr08_62503356,Chr08,62503356,T,C
Chr08_62503773,Chr08,62503773,T,C
Chr08_63235438,Chr08,63235438,G,A
Chr08_63236380,Chr08,63236380,T,G
Chr08_63281687,Chr08,63281687,T,C
Chr08_63282147,Chr08,63282147,T,C
Chr08_63282244,Chr08,63282244,A,G
Chr08_63986634,Chr08,63986634,C,T
Chr08_64250752,Chr08,64250752,C,A
Chr08_64251052,Chr08,64251052,C,G
Chr08_64260919,Chr08,64260919,G,A
Chr08_64277467,Chr08,64277467,G,C
Chr08_64375102,Chr08,64375102,G,A
Chr08_64689012,Chr08,64689012,C,G
Chr08_64702112,Chr08,64702112,C,G
Chr08_64779599,Chr08,64779599,C,T
Chr08_65032250,Chr08,65032250,T,C
Chr08_65034907,Chr08,65034907,G,T
Chr08_65054026,Chr08,65054026,G,A
Chr08_65055024,Chr08,65055024,A,G
Chr08_65055764,Chr08,65055764,C,T
Chr08_65079317,Chr08,65079317,C,T
Chr08_65162209,Chr08,65162209,C,T
Chr08_65285532,Chr08,65285532,A,C
Chr09_31461,Chr09,31461,G,C
Chr09_189629,Chr09,189629,C,A
Chr09_202284,Chr09,202284,A,G
Chr09_368434,Chr09,368434,T,C
Chr09_790369,Chr09,790369,G,T
Chr09_1002181,Chr09,1002181,T,C
Chr09_1126890,Chr09,1126890,C,G
Chr09_1150021,Chr09,1150021,G,C
Chr09_1227370,Chr09,1227370,T,C
Chr09_1639433,Chr09,1639433,T,G
Chr09_1652908,Chr09,1652908,G,C
Chr09_2108266,Chr09,2108266,G,T
Chr09_2457270,Chr09,2457270,C,T
Chr09_2507690,Chr09,2507690,T,C
Chr09_2542624,Chr09,2542624,C,T
Chr09_2543917,Chr09,2543917,T,C
Chr09_2765056,Chr09,2765056,G,A
Chr09_2787557,Chr09,2787557,C,T
Chr09_2814745,Chr09,2814745,C,A
Chr09_3009062,Chr09,3009062,C,A
Chr09_3183825,Chr09,3183825,G,C
Chr09_3188733,Chr09,3188733,C,T
Chr09_3200178,Chr09,3200178,G,A
Chr09_3341299,Chr09,3341299,G,A
Chr09_3640206,Chr09,3640206,C,T
Chr09_3832954,Chr09,3832954,T,C
Chr09_4064127,Chr09,4064127,C,T
Chr09_4305875,Chr09,4305875,G,A
Chr09_4308528,Chr09,4308528,T,G
Chr09_4860576,Chr09,4860576,C,T
Chr09_4945533,Chr09,4945533,T,C
Chr09_5004709,Chr09,5004709,A,T
Chr09_5369145,Chr09,5369145,G,A
Chr09_5662911,Chr09,5662911,G,A
Chr09_6726002,Chr09,6726002,T,G
Chr09_6895220,Chr09,6895220,G,T
Chr09_6895886,Chr09,6895886,G,A
Chr09_8773222,Chr09,8773222,T,C
Chr09_9036765,Chr09,9036765,G,C
Chr09_11147267,Chr09,11147267,G,A
Chr09_13977278,Chr09,13977278,C,G
Chr09_26302970,Chr09,26302970,G,A
Chr09_44860890,Chr09,44860890,A,G
Chr09_48030501,Chr09,48030501,G,A
Chr09_48729653,Chr09,48729653,A,G
Chr09_50324878,Chr09,50324878,C,T
Chr09_50847596,Chr09,50847596,G,A
Chr09_50849009,Chr09,50849009,T,C
Chr09_51314181,Chr09,51314181,T,C
Chr09_51467480,Chr09,51467480,G,T
Chr09_51845258,Chr09,51845258,G,T
Chr09_53563290,Chr09,53563290,A,G
Chr09_53805050,Chr09,53805050,A,G
Chr09_53836849,Chr09,53836849,T,A
Chr09_53837281,Chr09,53837281,G,C
Chr09_53843887,Chr09,53843887,C,G
Chr09_54298677,Chr09,54298677,C,T
Chr09_54302243,Chr09,54302243,G,C
Chr09_54323934,Chr09,54323934,A,G
Chr09_54534422,Chr09,54534422,T,G
Chr09_54665391,Chr09,54665391,G,C
Chr09_55575702,Chr09,55575702,G,A
Chr09_55804098,Chr09,55804098,G,A
Chr09_55872366,Chr09,55872366,C,G
Chr09_56237588,Chr09,56237588,A,G
Chr09_56520731,Chr09,56520731,A,T
Chr09_57032958,Chr09,57032958,A,G
Chr09_57354614,Chr09,57354614,G,A
Chr09_58003138,Chr09,58003138,T,A
Chr09_58049861,Chr09,58049861,A,G
Chr09_58188842,Chr09,58188842,C,G
Chr09_58208161,Chr09,58208161,T,C
Chr09_58350224,Chr09,58350224,G,A
Chr09_58682643,Chr09,58682643,A,G
Chr09_59430834,Chr09,59430834,G,C
Chr09_60149512,Chr09,60149512,G,C
Chr09_60149640,Chr09,60149640,G,A
Chr09_60220486,Chr09,60220486,C,G
Chr09_60221656,Chr09,60221656,G,A
Chr09_60280616,Chr09,60280616,A,G
Chr09_60398666,Chr09,60398666,G,A
Chr09_60409568,Chr09,60409568,C,A
Chr09_60865544,Chr09,60865544,C,T
Chr09_61480699,Chr09,61480699,G,C
Chr09_61554383,Chr09,61554383,C,T
Chr09_61631128,Chr09,61631128,C,T
Chr09_62058297,Chr09,62058297,A,G
Chr09_62306633,Chr09,62306633,A,G
Chr09_62531561,Chr09,62531561,G,C
Chr09_62531614,Chr09,62531614,G,C
Chr09_62804024,Chr09,62804024,G,A
Chr09_63167676,Chr09,63167676,T,G
Chr10_135328,Chr10,135328,C,A
Chr10_153361,Chr10,153361,T,A
Chr10_410128,Chr10,410128,A,C
Chr10_459509,Chr10,459509,G,C
Chr10_603550,Chr10,603550,C,G
Chr10_1126911,Chr10,1126911,C,T
Chr10_1418833,Chr10,1418833,C,T
Chr10_2006504,Chr10,2006504,A,T
Chr10_2648075,Chr10,2648075,T,G
Chr10_3217232,Chr10,3217232,G,A
Chr10_3556284,Chr10,3556284,A,G
Chr10_3556363,Chr10,3556363,G,C
Chr10_4099801,Chr10,4099801,C,A
Chr10_4292585,Chr10,4292585,T,A
Chr10_4318045,Chr10,4318045,G,A
Chr10_4333407,Chr10,4333407,T,C
Chr10_4382066,Chr10,4382066,A,G
Chr10_4401191,Chr10,4401191,G,T
Chr10_4676394,Chr10,4676394,T,C
Chr10_5659759,Chr10,5659759,C,T
Chr10_5706234,Chr10,5706234,C,A
Chr10_6002206,Chr10,6002206,G,A
Chr10_6111868,Chr10,6111868,A,G
Chr10_6512708,Chr10,6512708,T,C
Chr10_6842201,Chr10,6842201,T,A
Chr10_7155765,Chr10,7155765,C,T
Chr10_8338140,Chr10,8338140,T,A
Chr10_8884807,Chr10,8884807,G,A
Chr10_9970383,Chr10,9970383,C,T
Chr10_9977565,Chr10,9977565,A,G
Chr10_10281106,Chr10,10281106,C,T
Chr10_10293092,Chr10,10293092,A,G
Chr10_13414091,Chr10,13414091,A,T
Chr10_14057950,Chr10,14057950,G,C
Chr10_14072561,Chr10,14072561,G,C
Chr10_14272409,Chr10,14272409,A,G
Chr10_17174597,Chr10,17174597,G,A
Chr10_18331752,Chr10,18331752,C,T
Chr10_18728482,Chr10,18728482,T,C
Chr10_46245810,Chr10,46245810,A,G
Chr10_46359393,Chr10,46359393,A,G
Chr10_46360290,Chr10,46360290,A,C
Chr10_47538619,Chr10,47538619,C,T
Chr10_49546024,Chr10,49546024,G,A
Chr10_49704049,Chr10,49704049,C,G
Chr10_50379844,Chr10,50379844,T,C
Chr10_51863767,Chr10,51863767,A,C
Chr10_52661338,Chr10,52661338,T,C
Chr10_52916684,Chr10,52916684,T,G
Chr10_53110391,Chr10,53110391,G,A
Chr10_53804639,Chr10,53804639,A,C
Chr10_54425848,Chr10,54425848,C,A
Chr10_55421810,Chr10,55421810,G,A
Chr10_55422335,Chr10,55422335,A,G
Chr10_55699558,Chr10,55699558,G,A
Chr10_55822385,Chr10,55822385,A,G
Chr10_56057022,Chr10,56057022,G,A
Chr10_56105900,Chr10,56105900,A,G
Chr10_56463759,Chr10,56463759,T,A
Chr10_56557575,Chr10,56557575,T,G
Chr10_56937232,Chr10,56937232,G,A
Chr10_57661439,Chr10,57661439,A,C
Chr10_57765104,Chr10,57765104,A,G
Chr10_57858964,Chr10,57858964,C,T
Chr10_58435190,Chr10,58435190,C,T
Chr10_58741258,Chr10,58741258,T,C
Chr10_59227828,Chr10,59227828,A,G
Chr10_59374423,Chr10,59374423,C,T
Chr10_61147106,Chr10,61147106,C,T
Chr10_61364132,Chr10,61364132,G,A
Chr10_61472814,Chr10,61472814,C,T
Chr10_62193820,Chr10,62193820,A,C
Chr10_62199097,Chr10,62199097,G,T
Chr10_62244088,Chr10,62244088,A,T
